Agency,Index Crime Months,agency_type,population_21,NIBRS Months_21,NIBRS Months_22,agency_name_full,violent_crime_2020,property_crime_2020,murder_2020,total_crime_2020,longitude,latitude,County,Historical mean,Historical count
Albany City PD,12.0,City,17188,0,12,albany police department,869.0,2671.0,16.0,3540.0,-73.974015,42.588272,Albany,12.0,19.0
Albany County Sheriff,12.0,County,96318,0,12,albany county sheriff's office,12.0,111.0,0.0,123.0,-73.974015,42.588272,Albany,12.0,19.0
Cohoes City PD,12.0,City,16746,0,0,cohoes police department,11.0,62.0,0.0,73.0,-73.974015,42.588272,Albany,12.0,19.0
Watervliet City PD,12.0,City,9863,0,0,watervliet police department,26.0,130.0,0.0,156.0,-73.974015,42.588272,Albany,12.0,19.0
Green Island Vg PD,,City,2623,0,0,green island vlg police dept,0.0,0.0,0.0,0.0,-73.974015,42.588272,Albany,11.833333333333334,18.0
Altamont Vg PD,12.0,City,1664,0,0,altamont village police department,2.0,4.0,0.0,6.0,-73.974015,42.588272,Albany,12.0,19.0
Menands Vg PD,12.0,City,3850,0,0,menands village police department,3.0,129.0,0.0,132.0,-73.974015,42.588272,Albany,12.0,19.0
Bethlehem Town PD,12.0,City,35039,12,12,bethlehem town police department,26.0,380.0,1.0,406.0,-73.974015,42.588272,Albany,12.0,19.0
Guilderland Town PD,12.0,City,34103,0,0,guilderland town police department,25.0,677.0,0.0,702.0,-73.974015,42.588272,Albany,12.0,19.0
Colonie Town PD,12.0,City,79082,12,12,colonie town police department,83.0,1858.0,0.0,1941.0,-73.974015,42.588272,Albany,12.0,19.0
nan,,Other State Agency,0,0,0,nys parks and recreation office albany,,,,,,,,,
Coeymans Town PD,12.0,City,7247,0,0,coeymans town police department,8.0,41.0,0.0,49.0,-73.974015,42.588272,Albany,12.0,19.0
Allegany County Sheriff,12.0,County,27490,0,0,allegany county sheriff's office,0.0,1.0,0.0,1.0,-78.026115,42.247871,Allegany,12.0,18.0
Alfred Vg PD,12.0,City,3970,0,0,alfred village police department,1.0,17.0,0.0,18.0,-78.026115,42.247871,Allegany,12.0,19.0
Andover Vg PD,,City,970,0,0,andover village police department,0.0,0.0,0.0,0.0,-78.026115,42.247871,Allegany,9.23076923076923,13.0
Angelica Vg PD,12.0,City,812,0,0,angelica vlg police dept,0.0,0.0,0.0,0.0,-78.026115,42.247871,Allegany,12.0,17.0
Bolivar Vg PD,10.0,City,968,0,0,bolivar village police department,0.0,5.0,0.0,5.0,-78.026115,42.247871,Allegany,11.5625,16.0
Cuba Town PD,12.0,City,3059,0,0,cuba town police department,2.0,31.0,1.0,33.0,-78.026115,42.247871,Allegany,11.947368421052632,19.0
Wellsville Vg PD,12.0,City,4343,0,0,wellsville village police department,9.0,30.0,0.0,39.0,-78.026115,42.247871,Allegany,12.0,19.0
Friendship Town PD,12.0,City,1854,0,0,friendship town police dept,0.0,4.0,0.0,4.0,-78.026115,42.247871,Allegany,12.0,19.0
Belmont Vg PD,12.0,City,895,0,0,belmont village police department,,,,,,,Allegany,12.0,15.0
Independence Town PD,12.0,City,1130,0,0,independence town police dept,0.0,3.0,0.0,3.0,-78.026115,42.247871,Allegany,9.176470588235293,17.0
Broome County Sheriff,12.0,County,87473,12,12,broome county sheriff's office,34.0,461.0,1.0,495.0,-75.830283,42.161977,Broome,12.0,19.0
Binghamton City PD,12.0,City,44083,12,12,binghamton police department,372.0,1790.0,1.0,2162.0,-75.830283,42.161977,Broome,12.0,19.0
Endicottville Vg PD,,City,12443,12,12,endicott village police department,52.0,399.0,0.0,451.0,-75.830283,42.161977,,,
Johnson City Vg PD,12.0,City,14055,12,12,johnson city village police department,65.0,884.0,1.0,949.0,-75.830283,42.161977,Broome,12.0,19.0
Port Dickinson Vg PD,4.0,City,1513,0,0,port dickinson village police department,0.0,0.0,0.0,0.0,-75.830283,42.161977,Broome,11.38888888888889,18.0
Vestal Town PD,12.0,City,28639,12,12,vestal town police department,14.0,469.0,0.0,483.0,-75.830283,42.161977,Broome,12.0,19.0
Cattaraugus County Sheriff,12.0,County,48039,12,12,cattaraugus county sheriff's office,40.0,199.0,0.0,239.0,-78.662421,42.239169,Cattaraugus,12.0,19.0
Olean City PD,12.0,City,13334,12,12,olean police department,25.0,243.0,0.0,268.0,-78.662421,42.239169,Cattaraugus,12.0,19.0
Allegany Vg PD,12.0,City,1685,0,0,allegany village police department,1.0,7.0,0.0,8.0,-78.662421,42.239169,Cattaraugus,11.894736842105264,19.0
Ellicottville Town PD,12.0,City,1563,0,0,ellicottville town police department,0.0,20.0,0.0,20.0,-78.662421,42.239169,Cattaraugus,12.0,19.0
Franklinville Vg PD,12.0,City,1618,0,0,franklinville village police department,0.0,3.0,0.0,3.0,-78.662421,42.239169,Cattaraugus,10.631578947368421,19.0
Cattaraugus Vg PD,,City,897,0,0,cattaraugus vlg police dept,0.0,2.0,0.0,2.0,-78.662421,42.239169,Cattaraugus,12.0,17.0
Portville Vg PD,12.0,City,941,0,0,portville village police department,0.0,0.0,0.0,0.0,-78.662421,42.239169,Cattaraugus,11.461538461538462,13.0
Salamanca City PD,12.0,City,5360,0,0,salamanca police department,18.0,44.0,1.0,62.0,-78.662421,42.239169,Cattaraugus,12.0,19.0
nan,,Other State Agency,0,0,0,nys park police allegany region,0.0,0.0,0.0,0.0,-78.662421,42.239169,,,
Cayuga County Sheriff,12.0,County,45642,0,11,cayuga county sheriff's office,11.0,39.0,1.0,50.0,-76.574587,43.008546,Cayuga,12.0,19.0
Auburn City PD,12.0,City,26012,12,11,auburn police department,51.0,380.0,0.0,431.0,-76.574587,43.008546,Cayuga,12.0,19.0
Weedsport Vg PD,12.0,City,1695,0,0,weedsport village police department,0.0,14.0,0.0,14.0,-76.574587,43.008546,Cayuga,12.0,19.0
Port Byron Vg PD,12.0,City,1182,0,0,port byron vlg police dept,0.0,0.0,0.0,0.0,-76.574587,43.008546,Cayuga,11.75,12.0
Moravia Vg PD,12.0,City,1201,0,0,moravia village police department,0.0,9.0,0.0,9.0,-76.574587,43.008546,Cayuga,12.0,19.0
Chautauqua County Sheriff,12.0,County,56186,12,12,chautauqua county sheriff's office,37.0,318.0,0.0,355.0,-79.407595,42.304216,Chautauqua,12.0,19.0
Dunkirk City PD,12.0,City,11673,12,12,dunkirk police department,27.0,249.0,0.0,276.0,-79.407595,42.304216,Chautauqua,12.0,19.0
Jamestown City PD,12.0,City,28842,12,12,jamestown police department,187.0,692.0,1.0,879.0,-79.407595,42.304216,Chautauqua,12.0,19.0
Lakewood-Busti PD,12.0,City,7125,12,12,lakewood-busti police department,5.0,344.0,0.0,349.0,-79.407595,42.304216,Chautauqua,12.0,19.0
Fredonia Vg PD,12.0,City,10205,11,10,fredonia village police department,11.0,299.0,0.0,310.0,-79.407595,42.304216,Chautauqua,12.0,19.0
Westfield Vg PD,12.0,City,2941,11,12,westfield village police department,3.0,10.0,0.0,13.0,-79.407595,42.304216,Chautauqua,12.0,19.0
Carroll Town PD,12.0,City,3309,11,11,carroll town police dept,0.0,25.0,0.0,25.0,-79.407595,42.304216,Chautauqua,12.0,17.0
Ellicott Town PD,12.0,City,4981,11,7,ellicott town police department,11.0,234.0,0.0,245.0,-79.407595,42.304216,Chautauqua,12.0,19.0
Chemung County Sheriff,12.0,County,39899,0,0,chemung county sheriff's office,9.0,172.0,0.0,181.0,-76.747179,42.15528,Chemung,12.0,19.0
Elmira City PD,12.0,City,26820,0,0,elmira police department,59.0,818.0,2.0,877.0,-76.747179,42.15528,Chemung,12.0,19.0
Elmira Heights Vg PD,12.0,City,3774,0,0,elmira heights village police department,2.0,84.0,0.0,86.0,-76.747179,42.15528,Chemung,12.0,19.0
Horseheads Vg PD,12.0,City,6325,0,0,horseheads village police department,14.0,97.0,0.0,111.0,-76.747179,42.15528,Chemung,11.789473684210526,19.0
Elmira Town PD,12.0,City,5529,0,0,elmira town police department,0.0,0.0,0.0,0.0,-76.747179,42.15528,Chemung,12.0,16.0
Chenango County Sheriff,7.0,County,32422,0,0,chenango county sheriff's office,22.0,235.0,0.0,257.0,-75.604905,42.489732,Chenango,12.0,19.0
Afton Vg PD,,City,795,0,0,afton village police department,0.0,0.0,0.0,0.0,-75.604905,42.489732,Chenango,11.25,16.0
Bainbridge Vg PD,,City,1296,0,0,bainbridge village police department,0.0,0.0,0.0,0.0,-75.604905,42.489732,Chenango,11.058823529411764,17.0
Greene Vg PD,,City,1400,0,0,greene village police department,0.0,14.0,0.0,14.0,-75.604905,42.489732,Chenango,12.0,14.0
Norwich City PD,10.0,City,6474,0,9,norwich police department,28.0,169.0,0.0,197.0,-75.604905,42.489732,Chenango,12.0,19.0
Oxford Vg PD,12.0,City,1372,0,0,oxford village police department,0.0,3.0,0.0,3.0,-75.604905,42.489732,Chenango,11.5,18.0
Sherburne Vg PD,12.0,City,1301,0,0,sherburne village police department,3.0,13.0,0.0,16.0,-75.604905,42.489732,Chenango,12.0,19.0
New Berlin Town PD,12.0,City,1507,0,0,new berlin town police department,0.0,5.0,0.0,5.0,-75.604905,42.489732,Chenango,11.944444444444445,18.0
Clinton County Sheriff,12.0,County,60338,0,0,clinton county sheriff's office,0.0,0.0,0.0,0.0,-73.705643,44.752712,Clinton,12.0,19.0
Plattsburgh City PD,12.0,City,19460,0,0,plattsburgh police department,27.0,240.0,0.0,267.0,-73.705643,44.752712,Clinton,12.0,19.0
Columbia County Sheriff,12.0,County,43015,0,0,columbia county sheriff's office,26.0,254.0,0.0,280.0,-73.626803,42.247728,Columbia,12.0,19.0
Hudson City PD,12.0,City,6004,12,8,hudson police department,22.0,158.0,0.0,180.0,-73.626803,42.247728,Columbia,12.0,19.0
Philmont Vg PD,,City,1246,0,0,philmont vlg police dept,0.0,0.0,0.0,0.0,-73.626803,42.247728,Columbia,6.0,11.0
Greenport Town PD,8.0,City,4246,0,0,greenport town police department,1.0,23.0,0.0,24.0,-73.626803,42.247728,Columbia,12.0,19.0
Chatham Vg PD,,City,1606,0,0,chatham village police department,0.0,1.0,0.0,1.0,-73.626803,42.247728,Columbia,12.0,19.0
nan,,City,2585,0,0,columbia greene humane society,0.0,0.0,0.0,0.0,-73.626803,42.247728,,,
Cortland County Sheriff,6.0,County,25399,0,11,cortland county sheriff's office,15.0,97.0,1.0,112.0,-76.07624,42.594039,Cortland,12.0,19.0
Cortland City PD,12.0,City,18615,0,12,cortland police department,49.0,514.0,0.0,563.0,-76.07624,42.594039,Cortland,12.0,19.0
Homer Vg PD,,City,3081,0,0,homer village police department,0.0,1.0,0.0,1.0,-76.07624,42.594039,Cortland,11.789473684210526,19.0
Delaware County Sheriff,12.0,County,31333,0,0,delaware county sheriff's office,30.0,160.0,1.0,190.0,-74.966728,42.193986,Delaware,12.0,19.0
Delhi Vg PD,12.0,City,2935,0,0,delhi village police department,2.0,24.0,0.0,26.0,-74.966728,42.193986,Delaware,12.0,19.0
Hancock Vg PD,12.0,City,923,0,0,hancock village police department,1.0,8.0,0.0,9.0,-74.966728,42.193986,Delaware,12.0,17.0
Sidney Vg PD,12.0,City,3553,0,0,sidney village police department,6.0,41.0,0.0,47.0,-74.966728,42.193986,Delaware,12.0,19.0
Walton Vg PD,,City,2768,0,0,walton village police department,0.0,0.0,0.0,0.0,-74.966728,42.193986,Delaware,11.4375,16.0
Colchester Town PD,12.0,City,1947,0,0,colchester town police department,1.0,9.0,0.0,10.0,-74.966728,42.193986,Delaware,12.0,17.0
Dutchess County Sheriff,12.0,County,117314,12,12,dutchess county sheriff's office,34.0,376.0,0.0,410.0,-73.739951,41.75501,Dutchess,12.0,19.0
Beacon City PD,12.0,City,13984,12,12,beacon police department,15.0,124.0,0.0,139.0,-73.739951,41.75501,Dutchess,11.736842105263158,19.0
Poughkeepsie City PD,12.0,City,30480,0,0,poughkeepsie police department,243.0,530.0,6.0,773.0,-73.739951,41.75501,Dutchess,12.0,19.0
Fishkill Vg PD,12.0,City,2153,0,12,fishkill village police department,2.0,30.0,0.0,32.0,-73.739951,41.75501,Dutchess,12.0,19.0
Millerton Vg PD,12.0,City,2938,0,0,millerton vlg police dept,,,,,,,Dutchess,8.0,15.0
Wappingers Falls Vg PD,12.0,City,5540,0,0,wappingers falls village police department,7.0,39.0,0.0,46.0,-73.739951,41.75501,Dutchess,12.0,19.0
Red Hook Vg PD,12.0,City,1951,0,0,red hook village police department,5.0,33.0,0.0,38.0,-73.739951,41.75501,Dutchess,8.105263157894736,19.0
Rhinebeck Vg PD,12.0,City,2554,0,0,rhinebeck vlg police dept,1.0,18.0,0.0,19.0,-73.739951,41.75501,Dutchess,12.0,19.0
Millbrook Vg PD,,City,1400,0,0,millbrook village police department,0.0,0.0,0.0,0.0,-73.739951,41.75501,Dutchess,12.0,7.0
Pine Plains Town PD,12.0,City,2399,0,0,town of pine plains police dept,0.0,1.0,0.0,1.0,-73.739951,41.75501,Dutchess,11.9375,16.0
Poughkeepsie Town PD,12.0,City,38934,11,12,poughkeepsie town police department,69.0,903.0,0.0,972.0,-73.739951,41.75501,Dutchess,12.0,19.0
Fishkill Town PD,5.0,City,21973,0,0,fishkill town police department,5.0,353.0,0.0,358.0,-73.739951,41.75501,Dutchess,11.473684210526315,19.0
Hyde Park Town PD,12.0,City,20766,12,12,hyde park town police department,9.0,36.0,0.0,45.0,-73.739951,41.75501,Dutchess,12.0,19.0
East Fishkill Town PD,12.0,City,29578,12,9,east fishkill town police department,12.0,137.0,0.0,149.0,-73.739951,41.75501,Dutchess,12.0,19.0
nan,,Other State Agency,0,0,0,nys park police taconic region,0.0,0.0,0.0,0.0,-73.739951,41.75501,,,
Erie County Sheriff,12.0,County,126954,0,0,erie county sheriff's office,52.0,575.0,2.0,627.0,-78.778192,42.752759,Erie,12.0,19.0
Buffalo City PD,12.0,City,254627,12,12,buffalo police department,2592.0,7965.0,61.0,10557.0,-78.778192,42.752759,Erie,12.0,19.0
Lackawanna City PD,12.0,City,17674,0,0,lackawanna police department,100.0,352.0,0.0,452.0,-78.778192,42.752759,Erie,12.0,19.0
Tonawanda City PD,12.0,City,14700,0,0,tonawanda police department,46.0,287.0,1.0,333.0,-78.778192,42.752759,Erie,12.0,19.0
Kenmore Vg PD,12.0,City,14968,0,7,kenmore village police department,37.0,242.0,0.0,279.0,-78.778192,42.752759,Erie,12.0,19.0
East Aurora-Town Of Aurora PD,12.0,City,13748,0,0,east aurora village pd east aurora,3.0,76.0,0.0,79.0,-78.778192,42.752759,Erie,12.0,19.0
Depew Vg PD,12.0,City,14965,0,0,depew village police department,23.0,230.0,0.0,253.0,-78.778192,42.752759,Erie,12.0,19.0
Gowanda Vg PD,12.0,City,2531,0,0,gowanda village police department,4.0,36.0,0.0,40.0,-78.662421,42.239169,Erie,12.0,19.0
Blasdell Vg PD,12.0,City,2671,0,0,blasdell village pd blasdell,4.0,32.0,0.0,36.0,-78.778192,42.752759,Erie,8.666666666666666,3.0
Hamburg Vg PD,12.0,City,9744,0,0,hamburg village police department,6.0,71.0,0.0,77.0,-78.778192,42.752759,Erie,12.0,19.0
Akron Vg PD,12.0,City,2852,0,0,akron village police department,0.0,6.0,0.0,6.0,-78.778192,42.752759,Erie,12.0,19.0
nan,,Other,0,0,0,niagara frontier transportation authority,,,,,,,,,
Amherst Town PD,12.0,City,121304,0,0,amherst town police department,153.0,1865.0,0.0,2018.0,-78.778192,42.752759,Erie,12.0,19.0
Brant Town PD,12.0,City,2056,0,0,brant town police dept,0.0,15.0,0.0,15.0,-78.778192,42.752759,Erie,12.0,19.0
Cheektowaga Town PD,12.0,City,76536,0,0,cheektowaga town police department,216.0,2237.0,1.0,2453.0,-78.778192,42.752759,Erie,12.0,19.0
Orchard Park Town PD,12.0,City,29653,0,0,orchard park town police department,8.0,277.0,0.0,285.0,-78.778192,42.752759,Erie,12.0,19.0
Eden Town PD,12.0,City,7602,0,0,eden town police department,1.0,22.0,0.0,23.0,-78.778192,42.752759,Erie,12.0,19.0
Evans Town PD,12.0,City,16061,0,0,evans town police department,23.0,156.0,0.0,179.0,-78.778192,42.752759,Erie,12.0,19.0
Hamburg Town PD,12.0,City,46513,0,0,hamburg town police department,51.0,675.0,0.0,726.0,-78.778192,42.752759,Erie,12.0,19.0
Lancaster Town PD,12.0,City,37633,0,0,lancaster town police department,12.0,347.0,0.0,359.0,-78.778192,42.752759,Erie,12.0,19.0
Tonawanda Town PD,12.0,City,56503,0,0,tonawanda town police department,85.0,848.0,2.0,933.0,-78.778192,42.752759,Erie,12.0,19.0
West Seneca Town PD,12.0,City,45278,0,0,west seneca town police department,59.0,590.0,0.0,649.0,-78.778192,42.752759,Erie,12.0,19.0
Essex County Sheriff,12.0,County,23380,0,0,essex county sheriff's office,1.0,1.0,0.0,2.0,-73.777573,44.108971,Essex,12.0,17.0
Lake Placid Vg PD,12.0,City,2339,0,0,lake placid village police department,7.0,16.0,0.0,23.0,-73.777573,44.108971,Essex,11.947368421052632,19.0
Ticonderoga Town PD,9.0,City,4725,0,0,ticonderoga town police department,6.0,23.0,0.0,29.0,-73.777573,44.108971,Essex,12.0,19.0
Moriah Town PD,12.0,City,4437,0,0,moriah town police department,0.0,0.0,0.0,0.0,-73.777573,44.108971,Essex,11.9375,16.0
Franklin County Sheriff,,County,36872,0,0,franklin county sheriff's office,0.0,0.0,0.0,0.0,-74.31067,44.594376,Franklin,12.0,6.0
Tupper Lake Vg PD,6.0,City,3420,0,0,tupper lake village police department,1.0,25.0,0.0,26.0,-74.31067,44.594376,Franklin,12.0,19.0
Saranac Lake Vg PD,12.0,City,5177,0,0,saranac lake village police department,1.0,5.0,0.0,6.0,-74.31067,44.594376,Franklin,12.0,19.0
Malone Vg PD,12.0,City,5566,0,0,malone village police department,32.0,191.0,0.0,223.0,-74.31067,44.594376,Franklin,12.0,19.0
Fulton County Sheriff,12.0,County,28811,0,0,fulton county sheriff's office,13.0,244.0,0.0,257.0,-74.423678,43.115609,Fulton,12.0,19.0
Gloversville City PD,12.0,City,14656,0,7,gloversville police department,79.0,404.0,1.0,483.0,-74.423678,43.115609,Fulton,12.0,19.0
Johnstown City PD,12.0,City,8183,0,10,johnstown police department,10.0,128.0,0.0,138.0,-74.423678,43.115609,Fulton,12.0,19.0
Northville Vg PD,10.0,City,1048,0,0,northville village police department,0.0,3.0,0.0,3.0,-74.423678,43.115609,Fulton,12.0,17.0
Genesee County Sheriff,12.0,County,37985,11,11,genesee county sheriff's office,26.0,234.0,0.0,260.0,-78.192778,43.00091,Genesee,12.0,19.0
Batavia City PD,12.0,City,14278,12,12,batavia police department,64.0,345.0,0.0,409.0,-78.192778,43.00091,Genesee,12.0,19.0
LeRoy Vg PD,3.0,City,4246,0,0,le roy village police department,1.0,18.0,0.0,19.0,-78.192778,43.00091,Genesee,12.0,19.0
Greene County Sheriff,12.0,County,25316,0,0,greene county sheriff's office,11.0,26.0,0.0,37.0,-74.149554,42.286964,Greene,11.526315789473685,19.0
Athens Vg PD,,City,1590,0,0,athens village police department,0.0,0.0,0.0,0.0,-74.149554,42.286964,Greene,12.0,11.0
Catskill Vg PD,12.0,City,3787,0,0,catskill village police department,6.0,71.0,0.0,77.0,-74.149554,42.286964,Greene,12.0,19.0
Coxsackie Vg PD,12.0,City,2655,0,0,coxsackie village police department,0.0,1.0,0.0,1.0,-74.149554,42.286964,Greene,12.0,19.0
Windham Town PD,12.0,City,1672,0,0,windham town police department,0.0,5.0,0.0,5.0,-74.149554,42.286964,Greene,12.0,19.0
Hunter Town PD,12.0,City,2620,0,0,hunter town police department,0.0,20.0,0.0,20.0,-74.149554,42.286964,Greene,9.75,16.0
Durham Town PD,12.0,City,2648,0,0,durham town police dept,0.0,1.0,0.0,1.0,-74.149554,42.286964,Greene,12.0,18.0
Cairo Town PD,12.0,City,6390,0,0,cairo town police department,3.0,40.0,0.0,43.0,-74.149554,42.286964,Greene,12.0,19.0
Hamilton County Sheriff,12.0,County,4041,0,0,hamilton county sheriff's office,0.0,10.0,0.0,10.0,-74.502456,43.657879,Hamilton,12.0,19.0
Inlet Town PD,12.0,City,301,0,0,inlet town police department,1.0,4.0,0.0,5.0,-74.502456,43.657879,Hamilton,11.947368421052632,19.0
Herkimer County Sheriff,,County,27783,0,0,herkimer county sheriff's office,0.0,0.0,0.0,0.0,-74.841097,43.571009,Herkimer,12.0,16.0
Frankfort Vg PD,12.0,City,2409,0,0,frankfort village police department,3.0,7.0,0.0,10.0,-74.841097,43.571009,Herkimer,11.947368421052632,19.0
Ilion Vg PD,12.0,City,7613,12,12,ilion village police department,28.0,195.0,0.0,223.0,-74.841097,43.571009,Herkimer,12.0,19.0
Mohawk Vg PD,12.0,City,2507,0,0,mohawk police department,2.0,23.0,0.0,25.0,-74.841097,43.571009,Herkimer,10.833333333333334,12.0
Herkimer Vg PD,12.0,City,7212,0,0,herkimer village police department,10.0,289.0,0.0,299.0,-74.841097,43.571009,Herkimer,11.842105263157896,19.0
Dolgeville Vg PD,12.0,City,2055,0,0,dolgeville village police department,1.0,20.0,0.0,21.0,-74.841097,43.571009,Herkimer,12.0,19.0
Little Falls City PD,12.0,City,4604,0,0,little falls police department,12.0,63.0,1.0,75.0,-74.841097,43.571009,Herkimer,12.0,19.0
Webb Town PD,12.0,City,1779,0,0,webb town police department,0.0,1.0,0.0,1.0,-74.841097,43.571009,Herkimer,7.636363636363637,11.0
Frankfort Town PD,12.0,City,4752,0,0,frankfort town police department,4.0,22.0,0.0,26.0,-74.841097,43.571009,Herkimer,12.0,19.0
Jefferson County Sheriff,12.0,County,67464,12,12,jefferson county sheriff's office,10.0,190.0,0.0,200.0,-76.053514,43.995371,Jefferson,12.0,19.0
Watertown City PD,12.0,City,24624,12,12,watertown police department,181.0,975.0,0.0,1156.0,-76.053514,43.995371,Jefferson,12.0,19.0
Adams Vg PD,12.0,City,1706,0,0,adams vlg police dept,0.0,3.0,0.0,3.0,-76.053514,43.995371,Jefferson,12.0,18.0
Alexandria Bay Vg PD,12.0,City,1023,0,0,alexandria bay vlg police dept,0.0,3.0,0.0,3.0,-76.053514,43.995371,Jefferson,12.0,19.0
Brownville Vg PD,12.0,City,1076,0,0,brownville village pd brownville,0.0,2.0,0.0,2.0,-76.053514,43.995371,Jefferson,9.157894736842104,19.0
Dexter Vg PD,12.0,City,992,0,0,dexter vlg police dept,0.0,2.0,0.0,2.0,-76.053514,43.995371,Jefferson,11.647058823529411,17.0
Glen Park Vg PD,12.0,City,469,0,0,glen park village rd watertown,0.0,1.0,0.0,1.0,-76.053514,43.995371,Jefferson,12.0,16.0
Cape Vincent Vg PD,12.0,City,689,0,0,cape vincent village police department,0.0,1.0,0.0,1.0,-76.053514,43.995371,Jefferson,12.0,16.0
West Carthage Vg PD,12.0,City,1925,0,0,west carthage police dept,1.0,11.0,0.0,12.0,-76.053514,43.995371,Jefferson,9.933333333333334,15.0
Clayton Vg PD,12.0,City,1816,0,0,clayton village police department,0.0,3.0,0.0,3.0,-76.053514,43.995371,Jefferson,11.944444444444445,18.0
Sackets Harbor Vg PD,12.0,City,1391,0,0,sacketts harbor vlg police dept,0.0,0.0,0.0,0.0,-76.053514,43.995371,Jefferson,12.0,14.0
Black River Vg PD,12.0,City,1229,0,0,black river village pd black river,0.0,3.0,0.0,3.0,-76.053514,43.995371,Jefferson,7.714285714285714,14.0
nan,,City,772,0,0,theresa village pd theresa,0.0,0.0,0.0,0.0,-76.053514,43.995371,,,
Carthage Vg PD,12.0,City,3250,0,0,carthage village police department,4.0,53.0,0.0,57.0,-76.053514,43.995371,Jefferson,12.0,19.0
nan,,Other State Agency,0,0,0,thousand is st pk & rec comm pd alexandria bay,0.0,0.0,0.0,0.0,-76.053514,43.995371,,,
Lewis County Sheriff,12.0,County,22747,12,12,lewis county sheriff's office,3.0,21.0,0.0,24.0,-75.44414,43.782681,Lewis,12.0,19.0
Lowville Vg PD,12.0,City,3297,0,0,lowville village police department,2.0,8.0,0.0,10.0,-75.44414,43.782681,Lewis,12.0,19.0
Livingston County Sheriff,12.0,County,38801,8,10,livingston county sheriff's office,16.0,118.0,0.0,134.0,-77.769779,42.727485,Livingston,12.0,19.0
Avon Vg PD,,City,3272,0,0,avon village police department,0.0,0.0,0.0,0.0,-77.769779,42.727485,Livingston,12.0,16.0
Caledonia Vg PD,,City,2083,0,0,caledonia village police department,0.0,2.0,0.0,2.0,-77.769779,42.727485,Livingston,12.0,18.0
Geneseo Vg PD,12.0,City,8130,0,0,geneseo village police department,1.0,75.0,0.0,76.0,-77.769779,42.727485,Livingston,12.0,19.0
Mount Morris Vg PD,12.0,City,2765,0,0,mount morris village police department,5.0,51.0,0.0,56.0,-77.769779,42.727485,Livingston,12.0,19.0
Dansville Vg PD,12.0,City,4341,0,0,dansville village police department,2.0,53.0,0.0,55.0,-77.769779,42.727485,Livingston,11.736842105263158,19.0
Nunda Town and Vg PD,,City,2871,0,0,nunda town & village police department,0.0,0.0,0.0,0.0,-77.769779,42.727485,Livingston,11.529411764705882,17.0
Madison County Sheriff,12.0,County,43099,0,0,madison county sheriff's office,20.0,100.0,1.0,120.0,-75.663575,42.910026,Madison,12.0,19.0
Oneida City PD,12.0,City,10849,0,12,oneida police department,67.0,481.0,1.0,548.0,-75.663575,42.910026,Madison,12.0,19.0
Oneida County Sheriff,12.0,County,78748,12,12,oneida county sheriff's office,47.0,,1.0,,-75.434282,43.242727,Oneida,12.0,19.0
Cazenovia Vg PD,12.0,City,2851,0,0,cazenovia village police department,2.0,20.0,0.0,22.0,-75.663575,42.910026,Madison,12.0,19.0
Hamilton Vg PD,12.0,City,4077,0,0,hamilton village police department,0.0,5.0,0.0,5.0,-75.663575,42.910026,Madison,11.894736842105264,19.0
Canastota Vg PD,12.0,City,4518,0,0,canastota village police department,6.0,35.0,0.0,41.0,-75.663575,42.910026,Madison,9.31578947368421,19.0
Chittenango Vg PD,5.0,City,4826,0,0,chittenango village police department,3.0,19.0,0.0,22.0,-75.663575,42.910026,Madison,12.0,19.0
Monroe County Sheriff,12.0,County,236185,12,12,monroe county sheriff's office,134.0,2018.0,0.0,2152.0,-77.664656,43.464475,Monroe,12.0,19.0
Rochester City PD,12.0,City,205199,0,12,rochester police department,1680.0,7039.0,48.0,8719.0,-77.664656,43.464475,Monroe,12.0,19.0
Irondequoit Town PD,12.0,City,49889,10,11,irondequoit town police department,0.0,0.0,0.0,0.0,-77.664656,43.464475,Monroe,12.0,19.0
East Rochester Vg PD,12.0,City,6476,12,12,east rochester village police department,7.0,72.0,0.0,79.0,-77.664656,43.464475,Monroe,12.0,19.0
Fairport Vg PD,12.0,City,5300,12,12,fairport village police department,2.0,28.0,0.0,30.0,-77.664656,43.464475,Monroe,12.0,19.0
Brockport Vg PD,12.0,City,8142,12,12,brockport village police department,10.0,52.0,0.0,62.0,-77.664656,43.464475,Monroe,12.0,19.0
Brighton Town PD,12.0,City,35853,12,12,brighton town police department,34.0,705.0,0.0,739.0,-77.664656,43.464475,Monroe,11.894736842105264,19.0
Gates Town PD,7.0,City,28222,0,0,gates town police department,65.0,731.0,0.0,796.0,-77.664656,43.464475,Monroe,12.0,19.0
Greece Town PD,12.0,City,95431,12,12,greece town police department,150.0,1714.0,2.0,1864.0,-77.664656,43.464475,Monroe,12.0,19.0
Ogden Town PD,12.0,City,20603,12,12,ogden town police department,11.0,156.0,0.0,167.0,-77.664656,43.464475,Monroe,12.0,19.0
Webster Town and Vg PD,12.0,City,45449,12,12,webster town police department,27.0,367.0,0.0,394.0,-77.664656,43.464475,Monroe,12.0,19.0
Montgomery County Sheriff,12.0,County,25113,12,11,montgomery county sheriff's office,6.0,238.0,0.0,244.0,-74.435357,42.900891,Montgomery,12.0,19.0
Amsterdam City PD,12.0,City,17675,0,0,amsterdam police department,37.0,284.0,0.0,321.0,-74.435357,42.900891,Montgomery,12.0,19.0
Canajoharie Vg PD,12.0,City,2122,0,0,canajoharie village police department,1.0,14.0,0.0,15.0,-74.435357,42.900891,Montgomery,9.0625,16.0
Fort Plain Vg PD,12.0,City,2212,0,0,fort plain village police department,8.0,52.0,0.0,60.0,-74.435357,42.900891,Montgomery,11.947368421052632,19.0
St Johnsville Vg PD,12.0,City,1668,0,0,saint johnsville village police department,1.0,15.0,0.0,16.0,-74.435357,42.900891,Montgomery,10.526315789473685,19.0
Nassau County PD,12.0,County,1053945,0,0,nassau county police department,1304.0,8610.0,14.0,9914.0,-73.589419,40.729612,Nassau,12.0,19.0
Glen Cove City PD,12.0,City,27186,0,0,glen cove police department,3.0,108.0,0.0,111.0,-73.589419,40.729612,Nassau,12.0,19.0
Long Beach City PD,12.0,City,33461,0,0,long beach police department,13.0,46.0,0.0,59.0,-73.589419,40.729612,Nassau,12.0,19.0
Floral Park Vg PD,12.0,City,15844,0,0,floral park village police department,10.0,61.0,0.0,71.0,-73.589419,40.729612,Nassau,12.0,19.0
Freeport Vg PD,,City,42962,0,7,freeport village police department,73.0,263.0,1.0,336.0,-73.589419,40.729612,Nassau,11.947368421052632,19.0
Garden City Vg PD,12.0,City,22465,0,0,garden city village police department,5.0,243.0,0.0,248.0,-73.589419,40.729612,Nassau,12.0,19.0
Hempstead Vg PD,12.0,City,55230,12,12,hempstead village police department,357.0,571.0,8.0,928.0,-73.589419,40.729612,Nassau,12.0,19.0
Lynbrook Vg PD,12.0,City,19441,0,0,lynbrook village police department,15.0,115.0,0.0,130.0,-73.589419,40.729612,Nassau,12.0,19.0
Rockville Centre Vg PD,12.0,City,24604,0,0,rockville centre police department,14.0,106.0,0.0,120.0,-73.589419,40.729612,Nassau,12.0,19.0
Great Neck Estates Vg PD,11.0,City,2892,0,0,great neck estates village police department,1.0,8.0,0.0,9.0,-73.589419,40.729612,Nassau,12.0,18.0
Sands Point Vg PD,12.0,City,2919,0,0,sands point village police department,1.0,12.0,0.0,13.0,-73.589419,40.729612,Nassau,11.789473684210526,19.0
Malverne Vg PD,12.0,City,8482,0,0,malverne village police department,0.0,16.0,0.0,16.0,-73.589419,40.729612,Nassau,11.894736842105264,19.0
Kensington Vg PD,12.0,City,1193,0,0,kensington village police department,0.0,0.0,0.0,0.0,-73.589419,40.729612,Nassau,11.916666666666666,12.0
Old Westbury Vg PD,12.0,City,4603,12,12,old westbury village police department,1.0,21.0,0.0,22.0,-73.589419,40.729612,Nassau,12.0,19.0
Kings Point Vg PD,12.0,City,5315,0,0,kings point village police department,0.0,12.0,0.0,12.0,-73.589419,40.729612,Nassau,11.631578947368421,19.0
Centre Island Vg PD,,City,409,0,0,centre island village police department,0.0,1.0,0.0,1.0,-73.589419,40.729612,Nassau,11.777777777777779,18.0
Port Washington Police District,12.0,City,19391,0,0,port washington police district,8.0,115.0,0.0,123.0,-73.589419,40.729612,Nassau,11.631578947368421,19.0
Lake Success Vg PD,12.0,City,3161,0,0,lake success village police department,0.0,14.0,0.0,14.0,-73.589419,40.729612,Nassau,12.0,19.0
Old Brookville Vg PD,12.0,City,2196,0,0,old brookville village police department,1.0,47.0,0.0,48.0,-73.589419,40.729612,Nassau,11.947368421052632,19.0
Oyster Bay Cove Vg PD,12.0,City,4300,0,0,oyster bay cove village police department,0.0,17.0,0.0,17.0,-73.589419,40.729612,Nassau,11.947368421052632,19.0
nan,,City,8300377,0,0,new york city police department,47959.0,129361.0,468.0,177320.0,-73.970174,40.776557,,,
nan,,Other State Agency,0,0,0,nys park police new york city region,0.0,0.0,0.0,0.0,-73.970174,40.776557,,,
nan,,Other,0,0,0,metro north rr pd metro transit auth new york,0.0,0.0,0.0,0.0,-73.970174,40.776557,,,
Niagara County Sheriff,12.0,County,79559,12,12,niagara county sheriff's office,28.0,542.0,0.0,570.0,-78.792142,43.456731,Niagara,12.0,19.0
Lockport City PD,5.0,City,20212,0,0,lockport police department,116.0,491.0,0.0,607.0,-78.792142,43.456731,Niagara,12.0,19.0
Niagara Falls City PD,12.0,City,47474,12,12,niagara falls police department,369.0,1951.0,9.0,2320.0,-78.792142,43.456731,Niagara,12.0,19.0
North Tonawanda City PD,12.0,City,30104,12,12,north tonawanda police department,37.0,331.0,0.0,368.0,-78.792142,43.456731,Niagara,12.0,19.0
Middleport Vg PD,12.0,City,1733,0,0,middleport village police department,1.0,11.0,0.0,12.0,-78.792142,43.456731,Niagara,12.0,19.0
Youngstown Vg PD,12.0,City,1871,12,6,youngstown vlg police dept,0.0,1.0,0.0,1.0,-78.792142,43.456731,Niagara,10.736842105263158,19.0
nan,,City,504,0,0,barker village police department,,,,,,,,,
Lewiston Town PD,12.0,City,15671,6,11,lewiston town police department,4.0,87.0,0.0,91.0,-78.792142,43.456731,Niagara,11.947368421052632,19.0
Niagara Town PD,12.0,City,8012,9,12,niagara town police department,1.0,196.0,0.0,197.0,-78.792142,43.456731,Niagara,12.0,19.0
Somerset Town PD,12.0,City,2032,6,6,somerset town pd barker,,,,,,,Niagara,9.0,3.0
nan,,Other State Agency,0,0,0,nys park police niagara region,0.0,0.0,0.0,0.0,-78.792142,43.456731,,,
Rome City PD,12.0,City,31978,12,12,rome police department,65.0,570.0,0.0,635.0,-75.434282,43.242727,Oneida,12.0,19.0
Utica City PD,12.0,City,59483,12,12,utica police department,298.0,2023.0,1.0,2321.0,-75.434282,43.242727,Oneida,12.0,19.0
Boonville Vg PD,11.0,City,1974,0,0,boonville village police department,0.0,20.0,0.0,20.0,-75.434282,43.242727,Oneida,11.789473684210526,19.0
Camden Vg PD,12.0,City,2151,0,0,camden village police department,0.0,22.0,0.0,22.0,-75.434282,43.242727,Oneida,11.631578947368421,19.0
Sherrill City PD,12.0,City,2964,0,12,sherrill police department,0.0,18.0,0.0,18.0,-75.434282,43.242727,Oneida,12.0,19.0
Vernon Vg PD,12.0,City,1142,0,0,vernon village police department,3.0,3.0,0.0,6.0,-75.434282,43.242727,Oneida,12.0,19.0
Whitesboro Vg PD,12.0,City,3595,0,0,whitesboro village police department,0.0,0.0,0.0,0.0,-75.434282,43.242727,Oneida,11.555555555555555,18.0
Yorkville Vg PD,,City,2556,0,0,yorkville village police department,0.0,0.0,0.0,0.0,-75.434282,43.242727,Oneida,9.0,17.0
Oriskany Vg PD,12.0,City,1321,0,0,oriskany vlg police dept,0.0,7.0,0.0,7.0,-75.434282,43.242727,Oneida,11.947368421052632,19.0
New York Mills Vg PD,12.0,City,3200,0,0,new york mills village police department,2.0,44.0,0.0,46.0,-75.434282,43.242727,Oneida,11.842105263157896,19.0
New Hartford Town and Vg PD,12.0,City,20173,12,12,new hartford town police department,18.0,467.0,0.0,485.0,-75.434282,43.242727,Oneida,12.0,19.0
Whitestown Town PD,12.0,City,8948,0,0,whitestown town police department,0.0,20.0,0.0,20.0,-75.434282,43.242727,Oneida,12.0,19.0
Kirkland Town PD,,City,8323,0,0,kirkland town police department,0.0,0.0,0.0,0.0,-75.434282,43.242727,Oneida,12.0,18.0
Onondaga County Sheriff,12.0,County,174528,0,0,onondaga county sheriff's office,219.0,1689.0,1.0,1908.0,-76.196117,43.00653,Onondaga,12.0,19.0
Syracuse City PD,12.0,City,142011,0,0,syracuse police department,1192.0,4057.0,32.0,5249.0,-76.196117,43.00653,Onondaga,12.0,19.0
Jordan Vg PD,12.0,City,1294,0,0,jordan village police department,0.0,3.0,0.0,3.0,-76.196117,43.00653,Onondaga,12.0,16.0
Solvay Vg PD,12.0,City,6196,0,0,solvay village police department,14.0,66.0,0.0,80.0,-76.196117,43.00653,Onondaga,12.0,19.0
Baldwinsville Vg PD,12.0,City,7895,0,0,baldwinsville village police department,4.0,51.0,0.0,55.0,-76.196117,43.00653,Onondaga,12.0,19.0
Manlius Town PD,12.0,City,24139,0,0,manlius town police department,15.0,261.0,0.0,276.0,-76.196117,43.00653,Onondaga,12.0,19.0
Marcellus Vg PD,12.0,City,1707,0,0,marcellus vlg police dept,0.0,7.0,0.0,7.0,-76.196117,43.00653,Onondaga,11.842105263157896,19.0
Liverpool Vg PD,12.0,City,2191,0,0,liverpool village police department,0.0,10.0,0.0,10.0,-76.196117,43.00653,Onondaga,11.947368421052632,19.0
Skaneateles Vg PD,12.0,City,2466,0,0,skaneateles village police department,0.0,21.0,0.0,21.0,-76.196117,43.00653,Onondaga,12.0,19.0
North Syracuse Vg PD,11.0,City,6607,0,0,north syracuse village police department,15.0,109.0,0.0,124.0,-76.196117,43.00653,Onondaga,11.947368421052632,19.0
Camillus Town and Vg PD,12.0,City,24098,0,0,camillus town and village police department,13.0,266.0,0.0,279.0,-76.196117,43.00653,Onondaga,12.0,19.0
Cicero Town PD,12.0,City,28755,0,0,cicero town police department,14.0,291.0,0.0,305.0,-76.196117,43.00653,Onondaga,11.736842105263158,19.0
DeWitt Town PD,12.0,City,24947,0,0,dewitt town police department,46.0,725.0,0.0,771.0,-76.196117,43.00653,Onondaga,11.722222222222221,18.0
Geddes Town PD,12.0,City,10002,0,0,geddes town police department,6.0,176.0,0.0,182.0,-76.196117,43.00653,Onondaga,12.0,19.0
nan,,Other State Agency,0,0,0,nys park police central region,0.0,0.0,0.0,0.0,-76.196117,43.00653,,,
Ontario County Sheriff,12.0,County,81092,0,0,ontario county sheriff's office,58.0,708.0,1.0,766.0,-77.303277,42.856695,Ontario,12.0,19.0
Geneva City PD,12.0,City,12569,0,0,geneva police department,38.0,173.0,0.0,211.0,-77.303277,42.856695,Ontario,12.0,19.0
Clifton Springs Vg PD,5.0,City,1993,0,0,clifton springs village police department,0.0,0.0,0.0,0.0,-77.303277,42.856695,Ontario,10.571428571428571,14.0
Manchester Vg PD,,City,1603,0,0,manchester vlg police dept,0.0,0.0,0.0,0.0,-77.303277,42.856695,Ontario,12.0,8.0
Phelps Vg PD,,City,1889,0,0,phelps vlg police dept,0.0,0.0,0.0,0.0,-77.303277,42.856695,Ontario,10.6875,16.0
Canandaigua City PD,12.0,City,10112,0,0,canandaigua police department,37.0,220.0,1.0,257.0,-77.303277,42.856695,Ontario,10.842105263157896,19.0
Orange County Sheriff,12.0,County,63383,0,0,orange county sheriff's office,2.0,15.0,0.0,17.0,-74.306252,41.40241,Orange,12.0,19.0
Middletown City PD,12.0,City,28194,12,12,middletown police department,90.0,385.0,1.0,475.0,-74.306252,41.40241,Orange,12.0,19.0
Newburgh City PD,12.0,City,28095,0,0,newburgh city police department,285.0,724.0,4.0,1009.0,-74.306252,41.40241,Orange,12.0,19.0
Washingtonville Vg PD,12.0,City,5755,0,0,washingtonville village police department,2.0,30.0,0.0,32.0,-74.306252,41.40241,Orange,11.947368421052632,19.0
Chester Vg PD,12.0,City,4108,0,12,chester village police department,2.0,13.0,0.0,15.0,-74.306252,41.40241,Orange,12.0,19.0
Cornwall-on-Hudson Vg PD,12.0,City,2911,0,0,cornwall-on-hudson village police department,0.0,21.0,0.0,21.0,-74.306252,41.40241,Orange,11.75,16.0
Goshen Vg PD,12.0,City,5361,0,0,goshen village police department,2.0,21.0,0.0,23.0,-74.306252,41.40241,Orange,11.894736842105264,19.0
Highland Falls Vg PD,12.0,City,3822,0,0,highland falls village police department,0.0,11.0,0.0,11.0,-74.306252,41.40241,Orange,11.631578947368421,19.0
Monroe Vg PD,12.0,City,8609,0,0,monroe village police department,3.0,97.0,0.0,100.0,-74.306252,41.40241,Orange,12.0,19.0
Montgomery Vg PD,12.0,City,4617,0,0,montgomery vlg police dept,0.0,6.0,0.0,6.0,-74.306252,41.40241,Orange,11.789473684210526,19.0
Walden Vg PD,12.0,City,6666,12,12,walden village police department,1.0,26.0,0.0,27.0,-74.306252,41.40241,Orange,12.0,19.0
Maybrook Vg PD,12.0,City,3773,6,12,maybrook village police department,0.0,5.0,0.0,5.0,-74.306252,41.40241,Orange,12.0,19.0
Greenwood Lake Vg PD,12.0,City,3080,0,11,greenwood lake village police department,3.0,19.0,0.0,22.0,-74.306252,41.40241,Orange,12.0,19.0
Florida Vg PD,12.0,City,2931,0,0,florida village police department,0.0,2.0,0.0,2.0,-74.306252,41.40241,Orange,12.0,19.0
Port Jervis City PD,12.0,City,8526,12,12,port jervis police department,22.0,117.0,0.0,139.0,-74.306252,41.40241,Orange,12.0,19.0
Tuxedo Park Vg PD,12.0,City,598,0,0,tuxedo park village police department,0.0,0.0,0.0,0.0,-74.306252,41.40241,Orange,11.428571428571429,7.0
Harriman Vg PD,12.0,City,2455,0,0,harriman village police department,1.0,17.0,0.0,18.0,-74.306252,41.40241,Orange,12.0,19.0
Mount Hope Town PD,12.0,City,6625,0,0,mount hope town police department,3.0,14.0,0.0,17.0,-74.306252,41.40241,Orange,12.0,19.0
Cornwall Town PD,12.0,City,9538,0,0,cornwall town police department,2.0,4.0,0.0,6.0,-74.306252,41.40241,Orange,12.0,19.0
Highlands Town PD,12.0,City,8329,0,0,highlands town police dept,0.0,0.0,0.0,0.0,-74.306252,41.40241,Orange,12.0,18.0
Newburgh Town PD,12.0,City,31691,0,0,newburgh town police department,46.0,766.0,4.0,812.0,-74.306252,41.40241,Orange,12.0,19.0
Tuxedo Town PD,,City,2969,0,0,tuxedo town police department,0.0,0.0,0.0,0.0,-74.306252,41.40241,Orange,12.0,16.0
New Windsor Town PD,12.0,City,27980,0,0,new windsor town police department,20.0,299.0,0.0,319.0,-74.306252,41.40241,Orange,12.0,19.0
Woodbury Town PD,12.0,City,11133,0,0,woodbury town police department,6.0,180.0,0.0,186.0,-74.306252,41.40241,Orange,12.0,19.0
Warwick Town PD,12.0,City,18459,0,0,warwick town police department,9.0,72.0,0.0,81.0,-74.306252,41.40241,Orange,11.578947368421053,19.0
Deerpark Town PD,12.0,City,7732,12,12,deerpark town police department,4.0,39.0,0.0,43.0,-74.306252,41.40241,Orange,10.368421052631579,19.0
Blooming Grove Town PD,12.0,City,11822,0,0,blooming grove town police department,5.0,105.0,0.0,110.0,-74.306252,41.40241,Orange,12.0,19.0
Montgomery Town PD,12.0,City,9222,0,0,montgomery town police department,0.0,8.0,0.0,8.0,-74.306252,41.40241,Orange,11.588235294117647,17.0
Crawford Town PD,12.0,City,9210,0,0,crawford town police department,2.0,21.0,0.0,23.0,-74.306252,41.40241,Orange,12.0,19.0
Chester Town PD,12.0,City,8095,0,0,chester town police department,0.0,7.0,0.0,7.0,-74.306252,41.40241,Orange,12.0,19.0
Wallkill Town PD,12.0,City,29159,0,0,wallkill town police department,49.0,630.0,0.0,679.0,-74.306252,41.40241,Orange,12.0,19.0
Goshen Town PD,12.0,City,8938,12,12,goshen town police department,1.0,18.0,0.0,19.0,-74.306252,41.40241,Orange,11.947368421052632,19.0
Orleans County Sheriff,12.0,County,26849,0,0,orleans county sheriff's office,12.0,84.0,0.0,96.0,-78.229726,43.502287,Orleans,12.0,19.0
Albion Vg PD,12.0,City,5698,0,0,albion village police department,24.0,147.0,0.0,171.0,-78.229726,43.502287,Orleans,12.0,19.0
Holley Vg PD,12.0,City,1669,0,0,holley village police department,1.0,9.0,0.0,10.0,-78.229726,43.502287,Orleans,11.842105263157896,19.0
Medina Vg PD,12.0,City,5613,0,0,medina village police department,14.0,80.0,0.0,94.0,-78.229726,43.502287,Orleans,11.210526315789474,19.0
Oswego County Sheriff,12.0,County,81507,12,12,oswego county sheriff's office,35.0,260.0,0.0,295.0,-76.209258,43.461443,Oswego,12.0,19.0
Fulton City PD,,City,11017,0,0,fulton police department,9.0,258.0,0.0,267.0,-76.209258,43.461443,Oswego,11.736842105263158,19.0
Oswego City PD,12.0,City,17138,12,12,oswego police department,41.0,453.0,0.0,494.0,-76.209258,43.461443,Oswego,12.0,19.0
Central Square Vg PD,12.0,City,1740,0,0,central square vlg police dept,0.0,40.0,0.0,40.0,-76.209258,43.461443,Oswego,11.68421052631579,19.0
Pulaski Vg PD,12.0,City,2211,0,0,pulaski village police department,0.0,29.0,0.0,29.0,-76.209258,43.461443,Oswego,11.0,19.0
Phoenix Vg PD,12.0,City,2226,0,0,phoenix vlg police dept,3.0,7.0,0.0,10.0,-76.209258,43.461443,Oswego,10.736842105263158,19.0
Otsego County Sheriff,12.0,County,43171,0,8,otsego county sheriff's office,7.0,15.0,0.0,22.0,-75.028841,42.629776,Otsego,12.0,19.0
Oneonta City PD,12.0,City,13904,11,12,oneonta police department,19.0,175.0,0.0,194.0,-75.028841,42.629776,Otsego,11.947368421052632,19.0
Cooperstown Vg PD,,City,1743,0,0,cooperstown village police department,0.0,1.0,0.0,1.0,-75.028841,42.629776,Otsego,11.31578947368421,19.0
Putnam County Sheriff,9.0,County,46063,0,0,putnam county sheriff's office,12.0,117.0,0.0,129.0,-73.743882,41.427904,Putnam,12.0,19.0
Cold Spring Vg PD,12.0,City,1940,0,0,cold spring vlg police dept,0.0,12.0,0.0,12.0,-73.743882,41.427904,Putnam,11.7,10.0
Brewster Vg PD,12.0,City,2329,0,0,brewster village pd brewster,2.0,9.0,0.0,11.0,-73.743882,41.427904,Putnam,9.222222222222221,18.0
Carmel Town PD,12.0,City,34093,10,12,carmel town police department,5.0,113.0,0.0,118.0,-73.743882,41.427904,Putnam,12.0,19.0
Kent Town PD,12.0,City,13123,0,0,kent town police department,1.0,38.0,0.0,39.0,-73.743882,41.427904,Putnam,12.0,19.0
Rensselaer County Sheriff,12.0,County,54944,0,0,rensselaer county sheriff's office,20.0,147.0,0.0,167.0,-73.513845,42.710421,Rensselaer,12.0,19.0
Rensselaer City PD,12.0,City,9149,0,0,rensselaer police dept,19.0,83.0,0.0,102.0,-73.513845,42.710421,Rensselaer,12.0,19.0
Troy City PD,12.0,City,49052,0,0,troy police department,330.0,1439.0,9.0,1769.0,-73.513845,42.710421,Rensselaer,12.0,19.0
Hoosick Falls Vg PD,12.0,City,3331,0,0,hoosick falls village police department,2.0,14.0,0.0,16.0,-73.513845,42.710421,Rensselaer,11.473684210526315,19.0
Nassau Vg PD,12.0,City,1094,0,0,nassau village police department,1.0,5.0,0.0,6.0,-73.513845,42.710421,Rensselaer,12.0,19.0
East Greenbush Town PD,12.0,City,16186,0,0,east greenbush town police department,15.0,530.0,0.0,545.0,-73.513845,42.710421,Rensselaer,12.0,19.0
North Greenbush Town PD,12.0,City,12264,0,0,north greenbush town police department,12.0,179.0,0.0,191.0,-73.513845,42.710421,Rensselaer,12.0,19.0
Schodack Town PD,12.0,City,11617,0,0,schodack town police department,6.0,47.0,0.0,53.0,-73.513845,42.710421,Rensselaer,12.0,19.0
Rockland County Sheriff,12.0,County,10682,11,1,rockland county sheriff's office,0.0,0.0,0.0,0.0,-74.024645,41.154639,Rockland,12.0,19.0
Piermont Vg PD,12.0,City,2533,8,9,piermont village police department,0.0,4.0,0.0,4.0,-74.024645,41.154639,Rockland,12.0,19.0
South Nyack-Grand View PD,11.0,City,3294,11,0,south nyack - grand view village police department,1.0,15.0,0.0,16.0,-74.024645,41.154639,Rockland,12.0,19.0
Spring Valley Vg PD,12.0,City,32356,12,12,spring valley village police department,96.0,344.0,2.0,440.0,-74.024645,41.154639,Rockland,11.31578947368421,19.0
Suffern Vg PD,8.0,City,11037,0,10,suffern village police department,2.0,47.0,0.0,49.0,-74.024645,41.154639,Rockland,11.894736842105264,19.0
Clarkstown Town PD,12.0,City,80462,12,12,clarkstown town police department,44.0,875.0,0.0,919.0,-74.024645,41.154639,Rockland,12.0,19.0
Haverstraw Town PD,12.0,City,37034,0,8,haverstraw town police department,29.0,225.0,2.0,254.0,-74.024645,41.154639,Rockland,12.0,19.0
Orangetown Town PD,12.0,City,37320,12,10,orangetown town police department,15.0,289.0,1.0,304.0,-74.024645,41.154639,Rockland,12.0,19.0
Ramapo Town PD,7.0,City,95165,0,0,ramapo town police department,73.0,485.0,0.0,558.0,-74.024645,41.154639,Rockland,12.0,19.0
Stony Point Town PD,12.0,City,15338,12,12,stony point town police department,3.0,45.0,0.0,48.0,-74.024645,41.154639,Rockland,12.0,19.0
nan,,Other State Agency,0,0,0,nys park police palisades region,0.0,0.0,0.0,0.0,-74.024645,41.154639,,,
St Lawrence County Sheriff,12.0,County,61104,12,12,st. lawrence county sheriff's office,8.0,20.0,0.0,28.0,-75.074311,44.488112,St Lawrence,12.0,19.0
Ogdensburg City PD,12.0,City,10364,12,12,ogdensburg police department,22.0,131.0,0.0,153.0,-75.074311,44.488112,St Lawrence,12.0,19.0
Massena Vg PD,12.0,City,10123,11,11,massena village police department,7.0,90.0,0.0,97.0,-75.074311,44.488112,St Lawrence,12.0,19.0
Canton Vg PD,12.0,City,6516,4,12,canton village police department,0.0,13.0,0.0,13.0,-75.074311,44.488112,St Lawrence,12.0,19.0
Gouverneur Vg PD,12.0,City,3637,12,12,gouverneur village police department,0.0,0.0,0.0,0.0,-75.074311,44.488112,St Lawrence,9.076923076923077,13.0
Norwood Vg PD,12.0,City,1549,0,0,norwood vlg police dept,3.0,15.0,0.0,18.0,-75.074311,44.488112,St Lawrence,10.4,10.0
Potsdam Vg PD,10.0,City,8943,8,9,potsdam village police department,2.0,45.0,0.0,47.0,-75.074311,44.488112,St Lawrence,12.0,19.0
Norfolk Town PD,12.0,City,4380,0,0,norfolk town police dept,1.0,1.0,0.0,2.0,-75.074311,44.488112,St Lawrence,9.38888888888889,18.0
Saratoga County Sheriff,12.0,County,171244,12,12,saratoga county sheriff's office,66.0,890.0,0.0,956.0,-73.855387,43.106135,Saratoga,12.0,19.0
Saratoga Springs City PD,12.0,City,28397,0,0,saratoga springs police department,53.0,453.0,1.0,506.0,-73.855387,43.106135,Saratoga,12.0,19.0
Ballston Spa Vg PD,12.0,City,5204,0,0,ballston spa village police department,0.0,39.0,0.0,39.0,-73.855387,43.106135,Saratoga,12.0,19.0
Mechanicville City PD,12.0,City,5018,0,0,mechanicville police department,13.0,41.0,0.0,54.0,-73.855387,43.106135,Saratoga,12.0,19.0
South Glens Falls Vg PD,12.0,City,3647,0,0,south glens falls village police department,5.0,28.0,0.0,33.0,-73.855387,43.106135,Saratoga,12.0,19.0
nan,,Other State Agency,0,0,0,nys park police saratoga/capital region,0.0,0.0,0.0,0.0,-73.855387,43.106135,,,
Waterford Town and Vg PD,12.0,City,8466,0,0,waterford town police department,3.0,17.0,0.0,20.0,-73.855387,43.106135,Saratoga,12.0,19.0
Allegany Vg PD,12.0,City,190,0,0,galway vlg police dept,,,,,,,Cattaraugus,11.894736842105264,19.0
Stillwater Town PD,12.0,City,7340,0,0,stillwater town police dept,1.0,14.0,0.0,15.0,-73.855387,43.106135,Saratoga,12.0,19.0
Schenectady City PD,12.0,City,7446,0,12,schenectady police department,468.0,1652.0,5.0,2120.0,-74.043548,42.817539,Schenectady,12.0,19.0
Schenectady County Sheriff,12.0,County,65176,12,12,schenectady county sheriff's office,4.0,10.0,0.0,14.0,-74.043548,42.817539,Schenectady,12.0,19.0
Scotia Vg PD,12.0,City,7631,0,0,scotia village police department,7.0,146.0,0.0,153.0,-74.043548,42.817539,Schenectady,12.0,19.0
Glenville Town PD,12.0,City,21609,0,0,glenville town police department,12.0,313.0,0.0,325.0,-74.043548,42.817539,Schenectady,12.0,19.0
Niskayuna Town PD,12.0,City,22428,0,0,niskayuna town police department,18.0,422.0,0.0,440.0,-74.043548,42.817539,Schenectady,12.0,19.0
Rotterdam Town PD,12.0,City,30071,0,12,rotterdam town police department,35.0,715.0,0.0,750.0,-74.043548,42.817539,Schenectady,12.0,19.0
Schoharie County Sheriff,12.0,County,25492,0,12,schoharie county sheriff's office,4.0,37.0,0.0,41.0,-74.438172,42.591294,Schoharie,12.0,19.0
Cobleskill Vg PD,12.0,City,4323,0,0,cobleskill village police department,19.0,126.0,0.0,145.0,-74.438172,42.591294,Schoharie,12.0,19.0
Schoharie Vg PD,12.0,City,806,0,0,schoharie village pd schoharie,0.0,4.0,0.0,4.0,-74.438172,42.591294,Schoharie,12.0,13.0
Schuyler County Sheriff,12.0,County,15763,0,0,schuyler county sheriff's office,6.0,10.0,0.0,16.0,-76.938603,42.419776,Schuyler,12.0,19.0
Watkins Glen Vg PD,,City,1874,0,0,watkins glen village police department,0.0,7.0,0.0,7.0,-76.938603,42.419776,Schuyler,11.578947368421053,19.0
Seneca County Sheriff,12.0,County,19652,12,11,seneca county sheriff's office,7.0,81.0,0.0,88.0,-76.827088,42.782294,Seneca,12.0,19.0
Seneca Falls Town PD,12.0,City,8573,12,12,seneca falls town,15.0,163.0,0.0,178.0,-76.827088,42.782294,Seneca,7.714285714285714,14.0
Interlaken Vg PD,,City,598,0,0,interlaken vlg police dept,0.0,0.0,0.0,0.0,-76.827088,42.782294,Seneca,5.636363636363637,11.0
Waterloo Vg PD,12.0,City,4842,12,11,waterloo vlg police dept,10.0,35.0,1.0,45.0,-76.827088,42.782294,Seneca,12.0,19.0
Steuben County Sheriff,12.0,County,58880,0,9,steuben county sheriff's office,10.0,76.0,0.0,86.0,-77.385525,42.266725,Steuben,12.0,19.0
Corning City PD,12.0,City,10469,0,0,corning police department,33.0,274.0,1.0,307.0,-77.385525,42.266725,Steuben,12.0,19.0
Hornell City PD,,City,8272,0,0,hornell police department,0.0,0.0,0.0,0.0,-77.385525,42.266725,Steuben,10.555555555555555,18.0
Addison Vg PD,12.0,City,2458,0,0,addison village police department,6.0,7.0,0.0,13.0,-77.385525,42.266725,Steuben,11.368421052631579,19.0
Bath Vg PD,,City,5438,0,0,bath village police department,2.0,44.0,0.0,46.0,-77.385525,42.266725,Steuben,11.578947368421053,19.0
Canisteo Vg PD,12.0,City,2120,0,0,canisteo vlg police dept,1.0,4.0,0.0,5.0,-77.385525,42.266725,Steuben,12.0,19.0
Cohocton Town PD,11.0,City,2435,0,0,cohocton town police dept,0.0,3.0,0.0,3.0,-77.385525,42.266725,Steuben,7.470588235294118,17.0
Painted Post Vg PD,3.0,City,1939,0,0,painted post village police department,1.0,2.0,0.0,3.0,-77.385525,42.266725,Steuben,11.631578947368421,19.0
Hammondsport Vg PD,12.0,City,618,0,0,hammondsport village police department,0.0,16.0,0.0,16.0,-77.385525,42.266725,Steuben,8.0,17.0
Wayland Vg PD,,City,1753,0,0,wayland village police department,0.0,3.0,0.0,3.0,-77.385525,42.266725,Steuben,12.0,19.0
Suffolk County Sheriff,12.0,County,0,0,0,suffolk county sheriff's office,18.0,0.0,0.0,18.0,-72.692218,40.943554,Suffolk,12.0,19.0
Suffolk County PD,12.0,County,1303112,0,0,suffolk county police department,1118.0,14966.0,30.0,16084.0,-72.692218,40.943554,Suffolk,12.0,19.0
Amityville Vg PD,12.0,City,9387,0,0,amityville village police department,5.0,61.0,2.0,66.0,-72.692218,40.943554,Suffolk,12.0,19.0
Sag Harbor Vg PD,12.0,City,2296,0,0,sag harbor village police department,0.0,0.0,0.0,0.0,-72.692218,40.943554,Suffolk,10.8,15.0
Northport Vg PD,,City,7258,0,0,northport village police department,0.0,2.0,0.0,2.0,-72.692218,40.943554,Suffolk,11.894736842105264,19.0
Southampton Vg PD,12.0,City,3330,0,0,southampton village police department,0.0,45.0,0.0,45.0,-72.692218,40.943554,Suffolk,11.526315789473685,19.0
East Hampton Vg PD,12.0,City,1140,0,0,east hampton village police department,1.0,23.0,0.0,24.0,-72.692218,40.943554,Suffolk,12.0,19.0
Ocean Beach Vg PD,12.0,City,83,0,0,ocean beach village police dept,0.0,9.0,0.0,9.0,-72.692218,40.943554,Suffolk,11.473684210526315,19.0
Huntington Bay Vg PD,12.0,City,1436,0,0,huntington bay village police department,0.0,7.0,0.0,7.0,-72.692218,40.943554,Suffolk,12.0,19.0
Lloyd Harbor Vg PD,11.0,City,3655,0,0,lloyd harbor village police department,2.0,12.0,0.0,14.0,-72.692218,40.943554,Suffolk,11.947368421052632,19.0
Quogue Vg PD,12.0,City,1019,0,0,quogue village police department,1.0,31.0,0.0,32.0,-72.692218,40.943554,Suffolk,12.0,19.0
Westhampton Beach Vg PD,12.0,City,1806,0,0,westhampton beach village police department,0.0,24.0,0.0,24.0,-72.692218,40.943554,Suffolk,12.0,19.0
Nissequogue Vg PD,12.0,City,1730,0,0,nissequogue village police department,0.0,10.0,0.0,10.0,-72.692218,40.943554,Suffolk,11.947368421052632,19.0
Asharoken Vg PD,12.0,City,644,0,0,asharoken village police department,0.0,1.0,0.0,1.0,-72.692218,40.943554,Suffolk,11.944444444444445,18.0
Head-of-the-Harbor Vg PD,,City,1455,0,0,head of the harbor vlg pd,0.0,0.0,0.0,0.0,-72.692218,40.943554,Suffolk,7.0,5.0
East Hampton Town PD,12.0,City,19927,0,0,east hampton town police department,2.0,86.0,0.0,88.0,-72.692218,40.943554,Suffolk,12.0,19.0
Riverhead Town PD,12.0,City,33461,0,0,riverhead town police department,28.0,479.0,0.0,507.0,-72.692218,40.943554,Suffolk,12.0,19.0
Shelter Island Town PD,12.0,City,2419,0,0,shelter island town police department,0.0,0.0,0.0,0.0,-72.692218,40.943554,Suffolk,12.0,19.0
Southampton Town PD,12.0,City,51162,0,0,southampton town police department,38.0,595.0,1.0,633.0,-72.692218,40.943554,Suffolk,12.0,19.0
Southold Town PD,12.0,City,19957,12,12,southold town police department,11.0,270.0,0.0,281.0,-72.692218,40.943554,Suffolk,12.0,19.0
nan,,Other State Agency,0,0,0,nys park police long island region,0.0,0.0,0.0,0.0,-72.692218,40.943554,,,
Sullivan County Sheriff,12.0,County,51177,0,0,sullivan county sheriff's office,23.0,222.0,3.0,245.0,-74.76468,41.720176,Sullivan,12.0,19.0
Liberty Vg PD,12.0,City,4182,0,0,liberty village police department,24.0,150.0,1.0,174.0,-74.76468,41.720176,Sullivan,12.0,19.0
Monticello Vg PD,12.0,City,6338,0,0,monticello village police department,23.0,83.0,0.0,106.0,-74.76468,41.720176,Sullivan,12.0,19.0
Woodridge Vg PD,12.0,City,771,0,0,woodridge vlg police dept,3.0,11.0,0.0,14.0,-74.76468,41.720176,Sullivan,10.368421052631579,19.0
Fallsburg Town PD,11.0,City,12264,0,0,fallsburg town police department,0.0,5.0,0.0,5.0,-74.76468,41.720176,Sullivan,12.0,19.0
Tioga County Sheriff,12.0,County,39668,0,8,tioga county sheriff's office,14.0,118.0,0.0,132.0,-76.297456,42.178057,Tioga,12.0,19.0
Waverly Vg PD,10.0,City,4083,0,0,waverly village police department,0.0,4.0,0.0,4.0,-76.297456,42.178057,Tioga,12.0,19.0
Owego Vg PD,12.0,City,3846,0,0,owego village police department,15.0,176.0,0.0,191.0,-76.297456,42.178057,Tioga,12.0,19.0
Tompkins County Sheriff,2.0,County,61078,0,0,tompkins county sheriff's office,27.0,242.0,0.0,269.0,-76.473481,42.453003,Tompkins,12.0,19.0
Ithaca City PD,12.0,City,30927,0,0,ithaca police department,98.0,1159.0,0.0,1257.0,-76.473481,42.453003,Tompkins,11.894736842105264,19.0
Dryden Vg PD,12.0,City,2066,0,0,dryden village police department,3.0,57.0,0.0,60.0,-76.473481,42.453003,Tompkins,12.0,19.0
Groton Vg PD,12.0,City,2211,0,0,groton village police department,0.0,35.0,0.0,35.0,-76.473481,42.453003,Tompkins,12.0,19.0
Trumansburg Vg PD,12.0,City,1709,0,0,trumansburg vlg police dept,0.0,26.0,0.0,26.0,-76.473481,42.453003,Tompkins,9.0,18.0
Cayuga Heights Vg PD,12.0,City,3589,0,0,cayuga heights village police department,2.0,15.0,0.0,17.0,-76.473481,42.453003,Tompkins,12.0,19.0
nan,,Other State Agency,0,0,0,nys park police finger lakes region,0.0,0.0,0.0,0.0,-76.473481,42.453003,,,
Ulster County Sheriff,12.0,County,41917,12,12,ulster county sheriff's office,5.0,117.0,0.0,122.0,-74.265458,41.947216,Ulster,12.0,19.0
Kingston City PD,12.0,City,22682,0,0,kingston police department,85.0,460.0,3.0,545.0,-74.265458,41.947216,Ulster,12.0,19.0
nan,,Other,0,11,3,ulster reg gng enf nrc t,1.0,0.0,0.0,1.0,-74.265458,41.947216,,,
Ellenville Vg PD,,City,4000,0,0,ellenville village police department,9.0,20.0,0.0,29.0,-74.265458,41.947216,Ulster,11.736842105263158,19.0
New Paltz Town and Vg PD,9.0,City,14040,9,0,new paltz town & village police department,0.0,0.0,0.0,0.0,-74.265458,41.947216,Ulster,12.0,19.0
Lloyd Town PD,12.0,City,10484,10,12,lloyd town police department,6.0,81.0,0.0,87.0,-74.265458,41.947216,Ulster,11.631578947368421,19.0
Marlborough Town PD,12.0,City,8579,5,12,marlborough town police department,2.0,19.0,0.0,21.0,-74.265458,41.947216,Ulster,12.0,19.0
Plattekill Town PD,12.0,City,10168,12,12,plattekill town police dept,0.0,29.0,0.0,29.0,-74.265458,41.947216,Ulster,12.0,19.0
Woodstock Town PD,12.0,City,5754,11,12,woodstock town police department,4.0,43.0,0.0,47.0,-74.265458,41.947216,Ulster,12.0,19.0
Saugerties Town PD,12.0,City,18956,11,11,saugerties town police department,21.0,146.0,1.0,167.0,-74.265458,41.947216,Ulster,12.0,19.0
Shandaken Town PD,12.0,City,2921,8,9,shandaken town police department,0.0,1.0,0.0,1.0,-74.265458,41.947216,Ulster,12.0,19.0
Rosendale Town PD,12.0,City,5755,10,4,rosendale town police department,0.0,19.0,0.0,19.0,-74.265458,41.947216,Ulster,12.0,19.0
Ulster Town PD,12.0,City,12626,11,6,ulster town police department,11.0,155.0,0.0,166.0,-74.265458,41.947216,Ulster,12.0,19.0
Olive Town PD,,City,4254,0,0,olive town police department,0.0,3.0,0.0,3.0,-74.265458,41.947216,Ulster,10.368421052631579,19.0
Shawangunk Town PD,12.0,City,13782,11,9,shawangunk town police department,3.0,39.0,0.0,42.0,-74.265458,41.947216,Ulster,12.0,19.0
Warren County Sheriff,12.0,County,46897,12,11,warren county sheriff's office,32.0,306.0,0.0,338.0,-73.838139,43.555105,Warren,12.0,19.0
Glens Falls City PD,12.0,City,14215,12,12,glens falls police department,10.0,105.0,0.0,115.0,-73.838139,43.555105,Warren,12.0,19.0
Bolton Town PD,12.0,City,2239,0,0,bolton town police department,0.0,6.0,0.0,6.0,-73.838139,43.555105,Warren,11.947368421052632,19.0
Washington County Sheriff,12.0,County,41826,0,0,washington county sheriff's office,21.0,73.0,0.0,94.0,-73.439428,43.312377,Washington,12.0,19.0
Cambridge Vg PD,12.0,City,1803,0,0,cambridge village police department,1.0,17.0,0.0,18.0,-73.439428,43.312377,Washington,12.0,19.0
Greenwich Vg PD,12.0,City,1708,0,0,greenwich village police department,0.0,11.0,0.0,11.0,-73.439428,43.312377,Washington,12.0,19.0
Fort Edward Vg PD,12.0,City,3256,7,0,fort edward village police department,2.0,2.0,0.0,4.0,-73.439428,43.312377,Washington,11.894736842105264,19.0
Granville Vg PD,12.0,City,2428,0,0,granville village police department,2.0,7.0,0.0,9.0,-73.439428,43.312377,Washington,12.0,19.0
Hudson Falls Vg PD,12.0,City,7029,0,0,hudson falls village police department,7.0,17.0,0.0,24.0,-73.439428,43.312377,Washington,12.0,19.0
Whitehall Vg PD,12.0,City,2533,0,0,whitehall village police department,0.0,0.0,0.0,0.0,-73.439428,43.312377,Washington,11.842105263157896,19.0
Wayne County Sheriff,12.0,County,61892,0,0,wayne county sheriff's office,42.0,217.0,0.0,259.0,-77.063164,43.458758,Wayne,12.0,19.0
Newark Vg PD,12.0,City,8784,0,0,newark village police department,31.0,294.0,0.0,325.0,-77.063164,43.458758,Wayne,12.0,19.0
Wolcott Vg PD,,City,1604,0,0,wolcott village police department,0.0,0.0,0.0,0.0,-77.063164,43.458758,Wayne,8.470588235294118,17.0
Clyde Vg PD,12.0,City,1948,0,0,clyde village police department,5.0,34.0,0.0,39.0,-77.063164,43.458758,Wayne,12.0,19.0
Palmyra Vg PD,12.0,City,3299,0,0,palmyra village police department,0.0,10.0,0.0,10.0,-77.063164,43.458758,Wayne,12.0,19.0
Sodus Vg PD,,City,1696,0,0,sodus village police department,0.0,0.0,0.0,0.0,-77.063164,43.458758,Wayne,11.88888888888889,18.0
Sodus Point Vg PD,,City,854,0,0,sodus point village police department,0.0,0.0,0.0,0.0,-77.063164,43.458758,Wayne,12.0,14.0
Macedon Town and Vg PD,12.0,City,8856,0,0,macedon town police department,9.0,88.0,0.0,97.0,-77.063164,43.458758,Wayne,12.0,19.0
Westchester Co Dept Pub Safety,12.0,County,69019,0,0,westchester county department of public safety,15.0,154.0,0.0,169.0,-73.745912,41.15277,Westchester,12.0,19.0
Peekskill City PD,12.0,City,24371,0,0,peekskill police department,33.0,177.0,3.0,210.0,-73.745912,41.15277,Westchester,12.0,19.0
White Plains City PD,12.0,City,58240,0,0,white plains police department,72.0,961.0,2.0,1033.0,-73.745912,41.15277,Westchester,12.0,19.0
Mount Vernon City PD,12.0,City,67339,0,0,mount vernon police department,382.0,894.0,7.0,1276.0,-73.745912,41.15277,Westchester,12.0,19.0
New Rochelle City PD,12.0,City,78707,12,11,new rochelle police department,20.0,263.0,0.0,283.0,-73.745912,41.15277,Westchester,12.0,19.0
Ossining Vg PD,12.0,City,24786,0,0,ossining village police department,17.0,197.0,0.0,214.0,-73.745912,41.15277,Westchester,12.0,19.0
Port Chester Vg PD,12.0,City,29181,0,0,port chester village police department,22.0,212.0,0.0,234.0,-73.745912,41.15277,Westchester,12.0,19.0
Yonkers City PD,12.0,City,200816,11,11,yonkers police department,653.0,2002.0,7.0,2655.0,-73.745912,41.15277,Westchester,12.0,19.0
Rye City PD,12.0,City,15692,0,0,rye police department,0.0,20.0,0.0,20.0,-73.745912,41.15277,Westchester,12.0,19.0
Mamaroneck Vg PD,12.0,City,19154,0,0,mamaroneck village police department,20.0,182.0,0.0,202.0,-73.745912,41.15277,Westchester,12.0,19.0
Scarsdale Vg PD,12.0,City,17953,12,3,scarsdale village police department,3.0,123.0,0.0,126.0,-73.745912,41.15277,Westchester,12.0,19.0
Croton-On-Hudson Vg PD,12.0,City,8097,0,0,croton-on-hudson village police department,2.0,40.0,0.0,42.0,-73.745912,41.15277,Westchester,12.0,19.0
Bronxville Vg PD,10.0,City,6422,0,0,bronxville village police department,1.0,22.0,0.0,23.0,-73.745912,41.15277,Westchester,12.0,19.0
Tuckahoe Vg PD,12.0,City,6554,0,0,tuckahoe village police department,2.0,21.0,0.0,23.0,-73.745912,41.15277,Westchester,12.0,19.0
Ardsley Vg PD,11.0,City,4515,0,0,ardsley village police department,2.0,28.0,0.0,30.0,-73.745912,41.15277,Westchester,11.894736842105264,19.0
Dobbs Ferry Vg PD,12.0,City,11037,0,0,dobbs ferry village police department,2.0,96.0,0.0,98.0,-73.745912,41.15277,Westchester,11.947368421052632,19.0
Hastings-on-Hudson Vg PD,12.0,City,7853,0,0,hastings village police department,2.0,94.0,0.0,96.0,-73.745912,41.15277,Westchester,11.947368421052632,19.0
Irvington Vg PD,12.0,City,6478,0,0,irvington village police department,2.0,29.0,0.0,31.0,-73.745912,41.15277,Westchester,12.0,19.0
Tarrytown Vg PD,12.0,City,11383,12,12,tarrytown village police department,9.0,56.0,0.0,65.0,-73.745912,41.15277,Westchester,12.0,19.0
Larchmont Vg PD,12.0,City,6112,0,0,larchmont village police department,4.0,82.0,0.0,86.0,-73.745912,41.15277,Westchester,12.0,19.0
Briarcliff Manor Vg PD,4.0,City,8126,0,0,briarcliff manor village police department,2.0,34.0,0.0,36.0,-73.745912,41.15277,Westchester,12.0,19.0
Sleepy Hollow Vg PD,12.0,City,10064,0,0,sleepy hollow village police department,0.0,27.0,0.0,27.0,-73.745912,41.15277,Westchester,11.944444444444445,18.0
Pleasantville Vg PD,12.0,City,7280,0,0,pleasantville village police department,4.0,55.0,0.0,59.0,-73.745912,41.15277,Westchester,12.0,16.0
Pelham Vg PD,12.0,City,6956,0,0,pelham village police department,1.0,57.0,0.0,58.0,-73.745912,41.15277,Westchester,12.0,19.0
Pelham Manor Vg PD,12.0,City,5535,0,0,pelham manor village police department,1.0,134.0,0.0,135.0,-73.745912,41.15277,Westchester,12.0,19.0
Elmsford Vg PD,12.0,City,5279,0,0,elmsford village police department,1.0,11.0,0.0,12.0,-73.745912,41.15277,Westchester,11.947368421052632,19.0
Buchanan Vg PD,12.0,City,2233,0,0,buchanan village police department,0.0,12.0,0.0,12.0,-73.745912,41.15277,Westchester,11.333333333333334,18.0
Bedford Town PD,12.0,City,17672,12,12,bedford police department,2.0,42.0,0.0,44.0,-73.745912,41.15277,Westchester,12.0,19.0
Eastchester Town PD,12.0,City,19991,0,0,eastchester town police department,1.0,136.0,0.0,137.0,-73.745912,41.15277,Westchester,12.0,19.0
Greenburgh Town PD,12.0,City,44727,12,12,greenburgh town police department,25.0,437.0,0.0,462.0,-73.745912,41.15277,Westchester,12.0,19.0
Harrison Town PD,12.0,City,29110,0,0,harrison town police department,6.0,126.0,0.0,132.0,-73.745912,41.15277,Westchester,12.0,19.0
Lewisboro Town PD,,City,12533,0,0,lewisboro town police department,0.0,0.0,0.0,0.0,-73.745912,41.15277,Westchester,12.0,16.0
Mamaroneck Town PD,12.0,City,12017,0,0,mamaroneck town police department,0.0,54.0,0.0,54.0,-73.745912,41.15277,Westchester,12.0,19.0
Mount Pleasant Town PD,12.0,City,26966,0,0,mount pleasant town police department,12.0,140.0,0.0,152.0,-73.745912,41.15277,Westchester,11.789473684210526,19.0
New Castle Town PD,12.0,City,17824,0,0,new castle town police department,0.0,77.0,0.0,77.0,-73.745912,41.15277,Westchester,12.0,19.0
North Castle Town PD,12.0,City,12266,0,0,north castle town police department,1.0,88.0,0.0,89.0,-73.745912,41.15277,Westchester,12.0,19.0
Pound Ridge Town PD,12.0,City,5133,0,0,pound ridge town police department,1.0,40.0,0.0,41.0,-73.745912,41.15277,Westchester,12.0,19.0
Yorktown Town PD,12.0,City,36284,12,12,yorktown town police department,7.0,198.0,0.0,205.0,-73.745912,41.15277,Westchester,12.0,19.0
Rye Brook Vg PD,12.0,City,9542,0,0,rye brook village police department,0.0,76.0,0.0,76.0,-73.745912,41.15277,Westchester,11.947368421052632,19.0
Wyoming County Sheriff,12.0,County,28481,11,12,wyoming county sheriff's office,20.0,128.0,0.0,148.0,-78.228567,42.701363,Wyoming,12.0,19.0
Arcade Vg PD,12.0,City,1919,7,11,arcade village police department,3.0,14.0,0.0,17.0,-78.228567,42.701363,Wyoming,12.0,19.0
Attica Vg PD,12.0,City,2389,0,0,attica village police department,0.0,14.0,0.0,14.0,-78.228567,42.701363,Wyoming,12.0,19.0
Perry Vg PD,12.0,City,3471,0,0,perry village police department,3.0,49.0,0.0,52.0,-78.228567,42.701363,Wyoming,12.0,19.0
Warsaw Vg PD,12.0,City,3225,0,0,warsaw village police department,6.0,31.0,0.0,37.0,-78.228567,42.701363,Wyoming,12.0,19.0
nan,,Other State Agency,0,0,0,nys park police genesee region,0.0,0.0,0.0,0.0,-78.228567,42.701363,,,
Yates County Sheriff,12.0,County,19804,11,12,yates county sheriff's office,10.0,123.0,1.0,133.0,-77.104324,42.638237,Yates,12.0,19.0
Penn Yan Vg PD,12.0,City,4900,0,0,penn yan police department,3.0,59.0,0.0,62.0,-77.104324,42.638237,Yates,12.0,19.0
Albany County State Police,12.0,State Police,0,0,0,sp: albany county,26.0,79.0,0.0,105.0,-73.974015,42.588272,Albany,12.0,19.0
Allegany County State Police,12.0,State Police,0,0,0,sp: allegany county,56.0,215.0,2.0,271.0,-78.026115,42.247871,Allegany,12.0,19.0
Broome County State Police,12.0,State Police,0,0,0,sp: broome county,74.0,389.0,1.0,463.0,-75.830283,42.161977,Broome,12.0,19.0
Cattaraugus County State Police,12.0,State Police,0,0,0,sp: cattaraugus county,39.0,200.0,0.0,239.0,-78.662421,42.239169,Cattaraugus,12.0,19.0
Cayuga County State Police,12.0,State Police,0,0,0,sp: cayuga county,55.0,193.0,0.0,248.0,-76.574587,43.008546,Cayuga,12.0,19.0
Chautauqua County State Police,12.0,State Police,0,0,0,sp: chautauqua county,32.0,126.0,0.0,158.0,-79.407595,42.304216,Chautauqua,12.0,19.0
Chemung County State Police,12.0,State Police,0,0,0,sp: chemung county,89.0,165.0,1.0,254.0,-76.747179,42.15528,Chemung,12.0,19.0
Chenango County State Police,12.0,State Police,0,0,0,sp: chenango county,56.0,154.0,0.0,210.0,-75.604905,42.489732,Chenango,12.0,19.0
Clinton County State Police,12.0,State Police,0,0,0,sp: clinton county,94.0,740.0,1.0,834.0,-73.705643,44.752712,Clinton,12.0,19.0
Columbia County State Police,12.0,State Police,0,0,0,sp: columbia county,37.0,161.0,0.0,198.0,-73.626803,42.247728,Columbia,12.0,19.0
Cortland County State Police,12.0,State Police,0,0,0,sp: cortland county,23.0,83.0,0.0,106.0,-76.07624,42.594039,Cortland,12.0,19.0
Delaware County State Police,12.0,State Police,0,0,0,sp: delaware county,28.0,135.0,0.0,163.0,-74.966728,42.193986,Delaware,12.0,19.0
Dutchess County State Police,12.0,State Police,0,0,0,sp: dutchess county,155.0,451.0,1.0,606.0,-73.739951,41.75501,Dutchess,12.0,19.0
Erie County State Police,12.0,State Police,0,0,0,sp: erie county,38.0,288.0,0.0,326.0,-78.778192,42.752759,Erie,12.0,19.0
Essex County State Police,12.0,State Police,0,0,0,sp: essex county,44.0,206.0,0.0,250.0,-73.777573,44.108971,Essex,12.0,19.0
Franklin County State Police,12.0,State Police,0,0,0,sp: franklin county,42.0,330.0,0.0,372.0,-74.31067,44.594376,Franklin,12.0,19.0
Fulton County State Police,12.0,State Police,0,0,0,sp: fulton county,11.0,70.0,0.0,81.0,-74.423678,43.115609,Fulton,12.0,19.0
Genesee County State Police,12.0,State Police,0,0,0,sp: genesee county,8.0,91.0,0.0,99.0,-78.192778,43.00091,Genesee,12.0,19.0
Greene County State Police,12.0,State Police,0,0,0,sp: greene county,172.0,198.0,0.0,370.0,-74.149554,42.286964,Greene,12.0,19.0
Hamilton County State Police,12.0,State Police,0,0,0,sp: hamilton county,6.0,25.0,0.0,31.0,-74.502456,43.657879,Hamilton,12.0,19.0
Herkimer County State Police,12.0,State Police,0,0,0,sp: herkimer county,44.0,174.0,0.0,218.0,-74.841097,43.571009,Herkimer,12.0,19.0
Jefferson County State Police,12.0,State Police,0,0,0,sp: jefferson county,75.0,517.0,0.0,592.0,-76.053514,43.995371,Jefferson,12.0,19.0
Lewis County State Police,12.0,State Police,0,0,0,sp: lewis county,16.0,75.0,0.0,91.0,-75.44414,43.782681,Lewis,12.0,19.0
Livingston County State Police,12.0,State Police,0,0,0,sp: livingston county,16.0,32.0,0.0,48.0,-77.769779,42.727485,Livingston,12.0,19.0
Madison County State Police,12.0,State Police,0,0,0,sp: madison county,32.0,133.0,0.0,165.0,-75.663575,42.910026,Madison,12.0,19.0
Monroe County State Police,12.0,State Police,0,0,0,sp: monroe county,45.0,49.0,0.0,94.0,-77.664656,43.464475,Monroe,12.0,19.0
Montgomery County State Police,12.0,State Police,0,0,0,sp: montgomery cnty,14.0,92.0,1.0,106.0,-74.435357,42.900891,Montgomery,12.0,19.0
Nassau County State Police,12.0,State Police,0,0,0,sp: nassau county,9.0,10.0,0.0,19.0,-73.589419,40.729612,Nassau,12.0,19.0
nan,,State Police,0,0,0,sp: new york county,9.0,16.0,0.0,25.0,-73.970174,40.776557,,,
Niagara County State Police,12.0,State Police,0,0,0,sp: niagara county,38.0,214.0,1.0,252.0,-78.792142,43.456731,Niagara,12.0,19.0
Oneida County State Police,12.0,State Police,0,0,0,sp: oneida county,88.0,358.0,1.0,446.0,-75.434282,43.242727,Oneida,12.0,19.0
Onondaga County State Police,12.0,State Police,0,0,0,sp: onondaga county,76.0,579.0,0.0,655.0,-76.196117,43.00653,Onondaga,12.0,19.0
Ontario County State Police,12.0,State Police,0,0,0,sp: ontario county,34.0,247.0,0.0,281.0,-77.303277,42.856695,Ontario,12.0,19.0
Orange County State Police,12.0,State Police,0,0,0,sp: orange county,105.0,390.0,0.0,495.0,-74.306252,41.40241,Orange,12.0,19.0
Orleans County State Police,12.0,State Police,0,0,0,sp: orleans county,12.0,64.0,0.0,76.0,-78.229726,43.502287,Orleans,12.0,19.0
Oswego County State Police,12.0,State Police,0,0,0,sp: oswego county,88.0,442.0,0.0,530.0,-76.209258,43.461443,Oswego,12.0,19.0
Otsego County State Police,12.0,State Police,0,0,0,sp: otsego county,44.0,329.0,0.0,373.0,-75.028841,42.629776,Otsego,12.0,19.0
Putnam County State Police,12.0,State Police,0,0,0,sp: putnam county,17.0,71.0,0.0,88.0,-73.743882,41.427904,Putnam,12.0,19.0
Rensselaer County State Police,12.0,State Police,0,0,0,sp: rensselaer county,44.0,272.0,0.0,316.0,-73.513845,42.710421,Rensselaer,12.0,19.0
Rockland County State Police,12.0,State Police,0,0,0,sp: rockland county,3.0,4.0,0.0,7.0,-74.024645,41.154639,Rockland,12.0,19.0
St Lawrence County State Police,12.0,State Police,0,0,0,sp: st lawrence county,60.0,318.0,1.0,378.0,-75.074311,44.488112,St Lawrence,12.0,19.0
Saratoga County State Police,12.0,State Police,0,0,0,sp: saratoga county,79.0,459.0,2.0,538.0,-73.855387,43.106135,Saratoga,12.0,19.0
Schenectady County State Police,12.0,State Police,0,0,0,sp: schenectady county,10.0,38.0,0.0,48.0,-74.043548,42.817539,Schenectady,12.0,19.0
Schoharie County State Police,12.0,State Police,0,0,0,sp: schoharie county,19.0,100.0,0.0,119.0,-74.438172,42.591294,Schoharie,12.0,19.0
Schuyler County State Police,12.0,State Police,0,0,0,sp: schuyler county,4.0,23.0,0.0,27.0,-76.938603,42.419776,Schuyler,12.0,19.0
Seneca County State Police,12.0,State Police,0,0,0,sp: seneca county,19.0,88.0,0.0,107.0,-76.827088,42.782294,Seneca,12.0,19.0
Steuben County State Police,12.0,State Police,0,0,0,sp: steuben county,63.0,316.0,2.0,379.0,-77.385525,42.266725,Steuben,12.0,19.0
Suffolk County State Police,12.0,State Police,0,0,0,sp: suffolk county,19.0,18.0,0.0,37.0,-72.692218,40.943554,Suffolk,12.0,19.0
Sullivan County State Police,12.0,State Police,0,0,0,sp: sullivan county,71.0,206.0,0.0,277.0,-74.76468,41.720176,Sullivan,12.0,19.0
Tioga County State Police,12.0,State Police,0,0,0,sp: tioga county,29.0,67.0,0.0,96.0,-76.297456,42.178057,Tioga,12.0,19.0
Tompkins County State Police,12.0,State Police,0,0,0,sp: tompkins county,25.0,226.0,0.0,251.0,-76.473481,42.453003,Tompkins,12.0,19.0
Ulster County State Police,12.0,State Police,0,0,0,sp: ulster county,65.0,370.0,1.0,435.0,-74.265458,41.947216,Ulster,12.0,19.0
Warren County State Police,12.0,State Police,0,0,0,sp: warren county,33.0,231.0,0.0,264.0,-73.838139,43.555105,Warren,12.0,19.0
Washington County State Police,12.0,State Police,0,0,0,sp: washington county,33.0,92.0,0.0,125.0,-73.439428,43.312377,Washington,12.0,19.0
Wayne County State Police,12.0,State Police,0,0,0,sp: wayne county,67.0,369.0,1.0,436.0,-77.063164,43.458758,Wayne,12.0,19.0
Westchester County State Police,12.0,State Police,0,0,0,sp: westchester county,111.0,332.0,1.0,443.0,-73.745912,41.15277,Westchester,12.0,19.0
Wyoming County State Police,12.0,State Police,0,0,0,sp: wyoming county,13.0,26.0,0.0,39.0,-78.228567,42.701363,Wyoming,12.0,19.0
Yates County State Police,12.0,State Police,0,0,0,sp: yates county,3.0,23.0,0.0,26.0,-77.104324,42.638237,Yates,12.0,19.0
,,University or College,0,0,0,us merchant marine academy kings point,0.0,0.0,0.0,0.0,-73.589419,40.729612,,,
SUNY Albany,7.0,University or College,0,0,0,state university at albany police,0.0,62.0,0.0,62.0,-73.974015,42.588272,Albany,12.0,19.0
SUNY Alfred,12.0,University or College,0,0,0,state university college of technology at alfred p,3.0,14.0,0.0,17.0,-78.026115,42.247871,Allegany,12.0,19.0
SUNY Binghamton,12.0,University or College,0,0,0,binghamton university police,0.0,87.0,0.0,87.0,-75.830283,42.161977,Broome,11.473684210526315,19.0
SUNY Fredonia,12.0,University or College,0,11,9,state university college at fredonia police,0.0,10.0,0.0,10.0,-79.407595,42.304216,Chautauqua,12.0,19.0
SUNY Plattsburgh,12.0,University or College,0,0,0,state university college at plattsburgh police,1.0,28.0,0.0,29.0,-73.705643,44.752712,Clinton,12.0,19.0
SUNY Cortland,12.0,University or College,0,0,0,state university at cortland police,2.0,12.0,0.0,14.0,-76.07624,42.594039,Cortland,12.0,19.0
SUNY Delhi,12.0,University or College,0,0,0,suny college: technology,0.0,11.0,0.0,11.0,-74.966728,42.193986,Delaware,7.5,16.0
SUNY Buffalo,12.0,University or College,0,7,12,state university at buffalo police,6.0,92.0,0.0,98.0,-78.778192,42.752759,Erie,10.68,25.0
SUNY Buffalo State College,12.0,University or College,0,11,12,buffalo state college police,6.0,38.0,0.0,44.0,-78.778192,42.752759,Erie,12.0,13.0
SUNY Downstate Medical ,,University or College,0,0,0,suny health science center at brooklyn police,0.0,17.0,0.0,17.0,-73.950777,40.635133,,,
SUNY Geneseo,12.0,University or College,0,7,9,state university college at geneseo police,0.0,20.0,0.0,20.0,-77.769779,42.727485,Livingston,12.0,19.0
SUNY Morrisville,12.0,University or College,0,0,9,morrisville state college police,3.0,28.0,0.0,31.0,-75.663575,42.910026,Madison,12.0,19.0
SUNY Brockport,12.0,University or College,0,10,12,state university college at brockport police,0.0,20.0,0.0,20.0,-77.664656,43.464475,Monroe,9.333333333333334,18.0
SUNY Nanoscale Science and Engineering,,University or College,0,0,0,nanoscale science and engineering,,,,,,,Albany,11.0,3.0
SUNY Old Westbury,12.0,University or College,0,0,0,state university college at old westbury police,2.0,6.0,0.0,8.0,-73.589419,40.729612,Nassau,11.421052631578947,19.0
SUNY Optometry,,University or College,0,11,3,"state university of new york, college of optometry",0.0,1.0,0.0,1.0,-73.970174,40.776557,,,
SUNY Polytechnic Institute,12.0,University or College,0,12,6,suny institute of technology at utica/rome police,0.0,6.0,0.0,6.0,-75.434282,43.242727,Oneida,12.0,13.0
SUNY Environmental Science ,,University or College,0,0,0,suny college of environmental science & forestry p,0.0,18.0,0.0,18.0,-76.196117,43.00653,,,
SUNY Upstate Medical,12.0,University or College,0,0,0,suny upstate medical university police,6.0,74.0,0.0,80.0,-76.196117,43.00653,Onondaga,10.894736842105264,19.0
SUNY Oswego,12.0,University or College,0,12,12,oswego state university police,2.0,38.0,0.0,40.0,-76.209258,43.461443,Oswego,12.0,19.0
SUNY Oneonta,12.0,University or College,0,0,0,state university college at oneonta police,0.0,18.0,0.0,18.0,-75.028841,42.629776,Otsego,12.0,19.0
SUNY Canton,12.0,University or College,0,0,0,suny canton police,0.0,7.0,0.0,7.0,-75.074311,44.488112,St Lawrence,12.0,19.0
SUNY Potsdam,12.0,University or College,0,0,0,state university college at potsdam police,1.0,25.0,0.0,26.0,-75.074311,44.488112,St Lawrence,12.0,19.0
SUNY Cobleskill,12.0,University or College,0,0,0,suny college of agriculture & technology at cobles,1.0,6.0,0.0,7.0,-74.438172,42.591294,Schoharie,12.0,19.0
SUNY Farmingdale,12.0,University or College,0,11,11,farmingdale state college police,0.0,6.0,0.0,6.0,-72.692218,40.943554,Suffolk,11.944444444444445,18.0
SUNY Stony Brook,12.0,University or College,0,11,8,state university at stony brook police,11.0,81.0,0.0,92.0,-72.692218,40.943554,Suffolk,12.0,19.0
,,University or College,0,11,12,cornell university,,,,,,,,,
,,University or College,0,0,0,ithaca college,,,,,,,,,
SUNY New Paltz,12.0,University or College,0,12,12,state university college at new paltz police,1.0,20.0,0.0,21.0,-74.265458,41.947216,Ulster,12.0,19.0
SUNY Purchase,12.0,University or College,0,0,0,purchase college police,0.0,11.0,0.0,11.0,-73.745912,41.15277,Westchester,12.0,19.0
SUNY Maritime ,,University or College,0,0,0,state university of new york maritime college poli,0.0,11.0,0.0,11.0,-73.852939,40.848711,,,
